key,label,type,required,helpInfoText,options
source_study_request_form_id,Formulario de solicitud de estudio,identifier,true,,
patient_id,ID del paciente,identifier,true,,
institution_id,ID de la institución,identifier,true,,
doctor_id,ID del médico,identifier,true,,
patient_email,Email del paciente,email,true,,
patient_full_name,Nombre del paciente,text,true,,
patient_medical_record_number,Número de historia clínica,text,false,,
patient_birth_date,Fecha de nacimiento,date,false,,
patient_sex,Sexo,text,false,,
patient_status,Estado del paciente,enum,true,,"[{""value"":""active"",""label"":""Activo""},{""value"":""inactive"",""label"":""Inactivo""}]"
patient_notes,Observaciones del paciente,long_text,false,,
partner_full_name,Nombre de la pareja,text,false,,
partner_medical_record_number,Número de historia clínica de la pareja,text,false,,
partner_birth_date,Fecha de nacimiento de la pareja,date,false,,
partner_notes,Observaciones de la pareja,long_text,false,,
sperm_gamete_source,Origen de espermatozoides,enum,false,,"[{""value"":""propio"",""label"":""Propio""},{""value"":""donado"",""label"":""Donado""}]"
oocyte_gamete_source,Origen de ovocitos,enum,false,,"[{""value"":""propio"",""label"":""Propio""},{""value"":""donado"",""label"":""Donado""}]"
male_factor,Factor masculino,boolean,true,,
previous_miscarriages_count,Abortos previos,enum,true,,"[{""value"":""0"",""label"":""0""},{""value"":""1"",""label"":""1""},{""value"":""2"",""label"":""2""},{""value"":""3_or_more"",""label"":""3 o más""},{""value"":""recurrent"",""label"":""Recurrentes""}]"
other_background,Otros antecedentes,long_text,true,,
karyotype,Cuenta con información de cariotipo,boolean,true,,
karyotype_result,Resultado de cariotipo,long_text,false,,
karyotype_file_name,Nombre del archivo de cariotipo,text,false,,
karyotype_file_type,Tipo del archivo de cariotipo,text,false,,
karyotype_file_size,Tamaño del archivo de cariotipo,positive_integer,false,,
pgt_a_fast,PGT-A FAST,boolean,true,,
pgt_a_fast_reports_mosaicism,PGT-A FAST informa mosaicismos,boolean,false,,
pgt_a_fast_reports_sex,PGT-A FAST informa sexo,boolean,false,,
pgt_a_standard,PGT-A STANDARD,boolean,true,,
pgt_a_standard_reports_mosaicism,PGT-A STANDARD informa mosaicismos,boolean,false,,
pgt_a_standard_reports_sex,PGT-A STANDARD informa sexo,boolean,false,,
pgt_sr,PGT-SR,boolean,true,,
pgt_sr_reports_mosaicism,PGT-SR informa mosaicismos,boolean,false,,
pgt_sr_reports_sex,PGT-SR informa sexo,boolean,false,,
institution_code,Código de la institución,text,false,,
institution_name,Nombre de la institución,text,true,,
institution_legal_name,Razón social,text,false,,
institution_contact_email,Email de contacto de la institución,email,false,,
institution_contact_phone,Teléfono de contacto de la institución,text,false,,
institution_address,Dirección de la institución,address,false,,
institution_city,Ciudad de la institución,text,false,,
institution_state,Provincia de la institución,text,false,,
institution_country,País de la institución,text,false,,
institution_notes,Observaciones de la institución,long_text,false,,
